Symbol,Series,Date,Prev Close,Open Price,High Price,Low Price,Last Price,Close Price,Average Price,Total Traded Quantity,Turnover,No. of Trades,Deliverable Qty,% Dly Qt to Traded Qty
KOTAKBANK,EQ,2017-11-09,1011.4,1011.4,1015,1002.6,1005.1,1005.35,1008.08,1648408,1661719464,57092,1269692,77.03
KOTAKBANK,EQ,2017-11-10,1005.35,1001.1,1008.75,990,990.1,993.4,996.32,1853829,1847013037,73653,1391614,75.07
KOTAKBANK,EQ,2017-11-13,993.4,990,999,982.55,996.7,994.7,991.16,2132408,2113560177,36889,1620415,75.99
KOTAKBANK,EQ,2017-11-14,994.7,994,1003.2,992.5,1000,999.2,998.98,1373565,1372158030,44410,1029416,74.94
KOTAKBANK,EQ,2017-11-15,999.2,998,1014.4,997.85,1009.5,1011.5,1004.58,1333954,1340059307,40128,905557,67.89
KOTAKBANK,EQ,2017-11-16,1011.5,1010,1026.45,1008.05,1018,1017.45,1018.83,1307144,1331754362,34274,786601,60.18
KOTAKBANK,EQ,2017-11-17,1017.45,1027.5,1030,1014.35,1021.85,1023.2,1023.62,1842633,1886148089,41185,1288247,69.91
KOTAKBANK,EQ,2017-11-20,1023.2,1023.2,1041.9,1016.85,1040.6,1040.55,1035.62,1248427,1292895258,33990,822376,65.87
KOTAKBANK,EQ,2017-11-21,1040.55,1042.3,1050,1027.25,1029.5,1029.85,1042.14,2439933,2542746418,33727,2069367,84.81
KOTAKBANK,EQ,2017-11-22,1029.85,1032.5,1035.3,1019.1,1026.3,1026.25,1025.23,1545476,1584465286,24981,1203553,77.88
KOTAKBANK,EQ,2017-11-23,1026.25,1031.7,1031.7,1016.35,1022,1022.1,1022.69,1233925,1261919644,28772,889826,72.11
KOTAKBANK,EQ,2017-11-24,1022.1,1025,1036.5,1020.95,1029.1,1030.35,1028.62,1176564,1210232120,25595,890238,75.66
KOTAKBANK,EQ,2017-11-27,1030.35,1029.9,1041.7,1023.5,1039.65,1036.45,1030.13,970817,1000068330,23113,734901,75.7
KOTAKBANK,EQ,2017-11-28,1036.45,1036,1040,1026.1,1027,1029.85,1033.61,734677,759369041.3,34230,457954,62.33
KOTAKBANK,EQ,2017-11-29,1029.85,1028.9,1032.85,1022,1025.5,1026.25,1028.95,1414642,1455599203,27680,1092931,77.26
KOTAKBANK,EQ,2017-11-30,1026.25,1019.1,1020.4,996.15,1000.55,1000.3,1005.83,2800528,2816846199,53695,1933333,69.03
KOTAKBANK,EQ,2017-12-01,1000.3,1003,1011.75,1001.15,1006,1005.15,1006.04,2879595,2897000463,28885,2305249,80.05
KOTAKBANK,EQ,2017-12-04,1005.15,1006,1011,992.5,999.5,997.95,999.62,2224349,2223492781,39380,1732549,77.89
KOTAKBANK,EQ,2017-12-05,997.95,998.5,1005.15,995.15,1005,999.85,999.42,1823641,1822583710,52862,1259254,69.05
KOTAKBANK,EQ,2017-12-06,999.85,1000,1010.55,996.3,1001.8,999.65,1001.36,1775461,1777867369,34715,1142218,64.33
KOTAKBANK,EQ,2017-12-07,999.65,1003,1006,994.15,1006,1001.6,1000.42,1027520,1027952380,30115,616459,59.99
KOTAKBANK,EQ,2017-12-08,1001.6,1006.8,1012,1003,1010.4,1009,1007.41,1884560,1898524834,24079,1532461,81.32
KOTAKBANK,EQ,2017-12-11,1009,1009,1011.4,1002.05,1006.25,1008.5,1007.19,1084771,1092566083,31014,735628,67.81
KOTAKBANK,EQ,2017-12-12,1008.5,1005,1006.9,997.7,1001.4,1000.4,1001.98,1826210,1829817671,36494,1474195,80.72
KOTAKBANK,EQ,2017-12-13,1000.4,1006,1027,993.05,1015,1014.9,1016.25,2855676,2902072019,53298,1907909,66.81
KOTAKBANK,EQ,2017-12-14,1014.9,1017,1027.05,1007.9,1023.05,1024.65,1017.9,1461190,1487343015,36955,977490,66.9
KOTAKBANK,EQ,2017-12-15,1024.65,1032.5,1037,1020.5,1034.9,1030.1,1029.87,9518612,9802963919,82160,8275918,86.94
KOTAKBANK,EQ,2017-12-18,1030.1,1028.9,1038,999.6,1027.2,1023.2,1023.8,1989303,2036652695,61561,1035968,52.08
KOTAKBANK,EQ,2017-12-19,1023.2,1024.9,1028.25,1012.5,1021,1021.35,1018.9,1032586,1052097014,53186,618253,59.87
KOTAKBANK,EQ,2017-12-20,1021.35,1021.35,1022.1,1008.35,1012.15,1012.7,1012.8,1980327,2005679226,53924,1410625,71.23
KOTAKBANK,EQ,2017-12-21,1012.7,1010.05,1015,1006.8,1012.6,1010.55,1010.26,2154856,2176966598,39450,1839360,85.36
KOTAKBANK,EQ,2017-12-22,1010.55,1014,1014.5,1006.2,1009,1010.05,1009.99,1012136,1022247826,24638,748133,73.92
KOTAKBANK,EQ,2017-12-26,1010.05,1009.9,1020.7,1007.05,1014.5,1016.25,1013.19,1632043,1653567444,30296,1131238,69.31
KOTAKBANK,EQ,2017-12-27,1016.25,1016.7,1022,1010.15,1010.2,1014.05,1017.22,560946,570603231.5,28069,307191,54.76
KOTAKBANK,EQ,2017-12-28,1014.05,1013,1014.7,1002.6,1006,1004.75,1008.01,1035750,1044050336,34521,731686,70.64
KOTAKBANK,EQ,2017-12-29,1004.75,1003.25,1012,1002.5,1009.5,1010.2,1008.19,1190422,1200166221,32562,877408,73.71
KOTAKBANK,EQ,2018-01-01,1010.2,1011.85,1012.2,996.8,998.15,999.95,1003.47,1317415,1321989673,17197,820454,62.28
KOTAKBANK,EQ,2018-01-02,999.95,1001,1006,992.5,1001.75,1003.2,998.4,1072207,1070487340,29908,676564,63.1
KOTAKBANK,EQ,2018-01-03,1003.2,1002.6,1006.9,998.1,998.5,1000.1,1001.44,884021,885291530.8,28080,584835,66.16
KOTAKBANK,EQ,2018-01-04,1000.1,1001,1002.9,996.1,1001.95,1000.4,999.94,783950,783903037.5,28914,499161,63.67
KOTAKBANK,EQ,2018-01-05,1000.4,1002.5,1006.7,996.6,1003,1003.05,1002.76,2147402,2153337341,34011,1643775,76.55
KOTAKBANK,EQ,2018-01-08,1003.05,1008.85,1013.1,1003.7,1005.55,1006.1,1008.87,1780412,1796200866,56302,1332255,74.83
KOTAKBANK,EQ,2018-01-09,1006.1,1010,1020.65,996,1009.8,1009.75,1010.12,1242106,1254678980,29554,821613,66.15
KOTAKBANK,EQ,2018-01-10,1009.75,1007.6,1009.45,1000.1,1002,1002.25,1003.02,676881,678927154.5,32707,420218,62.08
KOTAKBANK,EQ,2018-01-11,1002.25,1003.7,1021,1001.05,1017.8,1017.65,1014.35,2077832,2107647006,42890,1517964,73.06
KOTAKBANK,EQ,2018-01-12,1017.65,1022.5,1025.9,1016.1,1017.5,1023.35,1021.6,2320796,2370929839,24922,1822590,78.53
KOTAKBANK,EQ,2018-01-15,1023.35,1025,1041.4,1020.35,1038,1038.35,1031.37,3511372,3621527776,67273,2524866,71.91
KOTAKBANK,EQ,2018-01-16,1038.35,1043.55,1044,1027.5,1030,1033.25,1035.28,1158187,1199043882,55173,633903,54.73
KOTAKBANK,EQ,2018-01-17,1033.25,1028.05,1034.15,1021.8,1030,1027.1,1027.28,1603465,1647205555,55571,550445,34.33
KOTAKBANK,EQ,2018-01-18,1027.1,1033,1050.8,1031.4,1047.05,1046.5,1040.89,3648214,3797385246,65386,2429564,66.6
KOTAKBANK,EQ,2018-01-19,1046.5,1052.7,1063.9,1043.05,1058,1060.55,1053.88,4304314,4536229739,78558,2385265,55.42
KOTAKBANK,EQ,2018-01-22,1060.55,1061,1078.2,1044,1073.35,1074.1,1072.67,3189930,3421741430,66378,2338400,73.31
KOTAKBANK,EQ,2018-01-23,1074.1,1076.95,1083.75,1070.25,1070.95,1075.45,1077.73,2458463,2649552918,40843,1856990,75.53
KOTAKBANK,EQ,2018-01-24,1075.45,1071.25,1084,1070.95,1081.7,1080.1,1078.98,1168000,1260251269,40173,865151,74.07
KOTAKBANK,EQ,2018-01-25,1080.1,1076,1098,1050.1,1092.4,1092.35,1089.72,4061319,4425686561,61984,2483771,61.16
KOTAKBANK,EQ,2018-01-29,1092.35,1092,1119.5,1091,1112.8,1115.1,1113.12,2215014,2465587253,61658,1450105,65.47
KOTAKBANK,EQ,2018-01-30,1115.1,1113.05,1118,1083.95,1085.8,1088.05,1097.59,2692935,2955751534,58135,2128870,79.05
KOTAKBANK,EQ,2018-01-31,1088.05,1084,1113.2,1083.15,1109,1108.95,1102.4,3143011,3464840194,82552,2399348,76.34
KOTAKBANK,EQ,2018-02-01,1108.95,1105.1,1131,1105.1,1120.55,1120.95,1121.41,3856283,4324478950,69029,2852508,73.97
KOTAKBANK,EQ,2018-02-02,1120.95,1115,1115,1077.95,1082.25,1085.95,1088.68,2281820,2484182048,56758,1364587,59.8
KOTAKBANK,EQ,2018-02-05,1085.95,1075,1081.05,1050.8,1063,1062.25,1065.83,2370531,2526581193,48009,1673998,70.62
KOTAKBANK,EQ,2018-02-06,1062.25,1035.65,1049.4,1018.2,1036.75,1033.8,1028.36,3334520,3429102110,67525,2218045,66.52
KOTAKBANK,EQ,2018-02-07,1033.8,1037,1050,1031,1033,1036.3,1039.66,3536295,3676529868,50403,2911129,82.32
KOTAKBANK,EQ,2018-02-08,1036.3,1036.3,1056,1030.6,1049.3,1051.75,1047.89,1839297,1927384411,73057,1267310,68.9
KOTAKBANK,EQ,2018-02-09,1051.75,1040,1045.5,1028,1036,1032,1034.49,1898563,1964052713,37211,1246972,65.68
KOTAKBANK,EQ,2018-02-12,1032,1037.5,1046,1032.65,1042.75,1042.95,1038.25,772861,802424084.8,27842,398995,51.63
KOTAKBANK,EQ,2018-02-14,1042.95,1050,1052.35,1036.8,1038.9,1042.45,1044.78,1187333,1240504600,43159,749302,63.11
KOTAKBANK,EQ,2018-02-15,1042.45,1043.5,1047.5,1033,1043.75,1042.15,1040.93,908706,945903241.9,39452,531965,58.54
KOTAKBANK,EQ,2018-02-16,1042.15,1043,1062,1040.85,1052,1050.2,1053.48,1655606,1744152913,30876,969399,58.55
KOTAKBANK,EQ,2018-02-19,1050.2,1059,1059,1046.55,1055,1056.2,1054.03,1188168,1252368116,45338,581060,48.9
KOTAKBANK,EQ,2018-02-20,1056.2,1056.2,1065.4,1041.7,1041.75,1045.8,1053.25,835351,879836569.2,34929,406161,48.62
KOTAKBANK,EQ,2018-02-21,1045.8,1047.7,1060.8,1042.55,1055,1055.05,1055.09,3572028,3768807500,27493,3138496,87.86
KOTAKBANK,EQ,2018-02-22,1055.05,1052.5,1077.5,1050.65,1072,1072.5,1068.79,5142330,5496093509,58860,3578103,69.58
KOTAKBANK,EQ,2018-02-23,1072.5,1072.5,1083.3,1072.45,1082.1,1080.85,1077.97,2272854,2450076730,31112,1845405,81.19
KOTAKBANK,EQ,2018-02-26,1080.85,1081,1109.6,1081,1105,1105.15,1099.18,1817998,1998301672,56339,1122818,61.76
KOTAKBANK,EQ,2018-02-27,1105.15,1105,1105,1088.1,1093.45,1093.05,1096.22,1034120,1133627971,31649,618729,59.83
KOTAKBANK,EQ,2018-02-28,1093.05,1090,1095.2,1084.55,1088,1090.55,1089.89,886902,966622782.2,29314,461624,52.05
KOTAKBANK,EQ,2018-03-01,1090.55,1088.1,1103.75,1086,1095,1095.7,1095.53,1480594,1622035100,33342,1077544,72.78
KOTAKBANK,EQ,2018-03-05,1095.7,1090,1103.85,1080.8,1097.8,1100,1095.04,2409121,2638085043,44783,1701305,70.62
KOTAKBANK,EQ,2018-03-06,1100,1105,1105.95,1075.3,1079.65,1082.45,1097.09,2404151,2637570369,43072,1856646,77.23
KOTAKBANK,EQ,2018-03-07,1082.45,1082.2,1097.6,1073.3,1088.05,1085.1,1085.89,2965912,3220644671,47954,2312256,77.96
KOTAKBANK,EQ,2018-03-08,1085.1,1088.7,1093.1,1074.3,1083,1082.3,1081.77,1751666,1894905379,52223,1184956,67.65
KOTAKBANK,EQ,2018-03-09,1082.3,1085,1091.9,1076.65,1080.7,1082.45,1082.23,1644991,1780263686,62280,1248884,75.92
KOTAKBANK,EQ,2018-03-12,1082.45,1087.5,1105,1083.5,1097.55,1100.6,1097.67,1255474,1378101032,37009,854262,68.04
KOTAKBANK,EQ,2018-03-13,1100.6,1099.95,1108.5,1078.95,1082.8,1083.9,1094.29,1380164,1510305929,58509,755750,54.76
KOTAKBANK,EQ,2018-03-14,1083.9,1080,1085.05,1070,1085,1081.75,1077.85,1209100,1303224367,37890,745342,61.64
KOTAKBANK,EQ,2018-03-15,1081.75,1085,1091.95,1078.65,1083.5,1085.65,1083.93,1368171,1482995490,43126,945156,69.08
KOTAKBANK,EQ,2018-03-16,1085.65,1081.65,1082,1056.4,1062,1060.75,1067.47,2724910,2908749433,78553,2180266,80.01
KOTAKBANK,EQ,2018-03-19,1060.75,1064.7,1065.6,1045.25,1048.3,1049,1052.23,1880023,1978209588,35159,1403002,74.63
KOTAKBANK,EQ,2018-03-20,1049,1047.9,1051.45,1038.6,1049.6,1045.3,1043.95,987156,1030543785,27489,576314,58.38
KOTAKBANK,EQ,2018-03-21,1045.3,1054.8,1061.95,1045.55,1052.6,1051.1,1051.43,1741161,1830717384,32853,1290093,74.09
KOTAKBANK,EQ,2018-03-22,1051.1,1051.1,1059.5,1048.1,1049,1053.05,1054.28,1765315,1861130888,33352,1262254,71.5
KOTAKBANK,EQ,2018-03-23,1053.05,1040.9,1046.8,1028.4,1039.05,1038.8,1037.69,1961492,2035423860,39466,1395038,71.12
KOTAKBANK,EQ,2018-03-26,1038.8,1040,1040.9,1028.85,1040,1039.35,1036.11,7817249,8099539430,55047,7271966,93.02
KOTAKBANK,EQ,2018-03-27,1039.35,1043,1058,1043,1049.3,1049.85,1051.41,2148618,2259088450,31188,1680047,78.19
KOTAKBANK,EQ,2018-03-28,1049.85,1044.05,1057,1040.6,1052.35,1047.8,1050.48,5927388,6226582595,66343,5356167,90.36
KOTAKBANK,EQ,2018-04-02,1047.8,1049.05,1100.45,1049.05,1095,1096.55,1086.09,2666027,2895550690,66958,1503277,56.39
KOTAKBANK,EQ,2018-04-03,1096.55,1094.5,1105.1,1087.5,1103.1,1103.3,1099,1345130,1478303576,44466,895316,66.56
KOTAKBANK,EQ,2018-04-04,1103.3,1108.9,1111.8,1075,1077.75,1078.3,1096.82,1305078,1431440729,43543,855183,65.53
KOTAKBANK,EQ,2018-04-05,1078.3,1091.9,1121,1084.5,1116,1118.3,1103.35,1987694,2193120047,41392,1271510,63.97
KOTAKBANK,EQ,2018-04-06,1118.3,1116,1123,1102,1112.5,1119.2,1115.61,1293385,1442912869,42626,800721,61.91
KOTAKBANK,EQ,2018-04-09,1119.2,1119.9,1137.5,1115,1116,1118.25,1130,1851094,2091732199,52942,1276315,68.95
KOTAKBANK,EQ,2018-04-10,1118.25,1120,1134.9,1110.4,1114,1113.65,1119.9,1198503,1342199320,34763,510128,42.56
KOTAKBANK,EQ,2018-04-11,1113.65,1110,1129,1110,1122.95,1126.1,1120.45,883246,989635691.1,32829,523871,59.31
KOTAKBANK,EQ,2018-04-12,1126.1,1123.6,1137.35,1113.5,1135.7,1134.6,1127.79,1344409,1516206971,42037,882641,65.65
KOTAKBANK,EQ,2018-04-13,1134.6,1138.9,1157.05,1137.1,1151.55,1151.1,1148.78,2952078,3391276962,85127,2068630,70.07
KOTAKBANK,EQ,2018-04-16,1151.1,1147.5,1175,1145,1174,1172.1,1163.68,1625382,1891429164,35636,1001057,61.59
KOTAKBANK,EQ,2018-04-17,1172.1,1176,1177.5,1160.6,1165,1164.85,1167.46,912582,1065402033,48619,508212,55.69
KOTAKBANK,EQ,2018-04-18,1164.85,1167.5,1167.5,1151.15,1153.95,1153.95,1157.45,889610,1029676134,29994,505917,56.87
KOTAKBANK,EQ,2018-04-19,1153.95,1160,1165.6,1151.1,1153,1153.9,1157.42,660729,764740889.7,15493,288501,43.66
KOTAKBANK,EQ,2018-04-20,1153.9,1150.85,1164,1145.05,1158.05,1152.85,1151.2,1218056,1402224973,40793,862327,70.8
KOTAKBANK,EQ,2018-04-23,1152.85,1158.7,1177.15,1153.25,1167.2,1169,1168.39,1354154,1582179855,42199,820699,60.61
KOTAKBANK,EQ,2018-04-24,1169,1172.45,1172.45,1153.65,1164,1166,1162.25,992352,1153363027,27791,549527,55.38
KOTAKBANK,EQ,2018-04-25,1166,1164,1170.5,1150.65,1163,1167.85,1160.32,1251769,1452447653,25171,807480,64.51
KOTAKBANK,EQ,2018-04-26,1167.85,1169,1192.75,1161.05,1185.5,1185.7,1180.75,3196902,3774729730,40379,2042817,63.9
KOTAKBANK,EQ,2018-04-27,1185.7,1190,1207,1178.45,1192,1188.75,1187.39,1816266,2156615513,35316,928121,51.1
KOTAKBANK,EQ,2018-04-30,1188.75,1198.95,1218.8,1193.4,1212.7,1211.1,1206.72,3430681,4139860842,68170,555777,16.2
KOTAKBANK,EQ,2018-05-02,1211.1,1232,1288.4,1223.2,1260,1256.85,1263.33,8891427,11232809047,163786,2785636,31.33
KOTAKBANK,EQ,2018-05-03,1256.85,1255,1263.2,1225.85,1231.85,1233.55,1240.48,2977641,3693696999,108293,1473583,49.49
KOTAKBANK,EQ,2018-05-04,1233.55,1240.2,1240.25,1214.1,1233.5,1233.45,1225.56,1914559,2346404820,58355,1057640,55.24
KOTAKBANK,EQ,2018-05-07,1233.45,1235,1248.7,1229.4,1242.85,1245.05,1240.17,2305468,2859171727,65841,1741863,75.55
KOTAKBANK,EQ,2018-05-08,1245.05,1247.5,1247.5,1225.8,1242,1241.85,1236.18,2674288,3305891321,32874,1854212,69.33
KOTAKBANK,EQ,2018-05-09,1241.85,1241.7,1255.3,1232.9,1253.3,1251.15,1244.73,1671216,2080205828,56366,1170480,70.04
KOTAKBANK,EQ,2018-05-10,1251.15,1254.5,1260,1242.9,1244.95,1247.5,1252.48,984467,1233025369,38846,338448,34.38
KOTAKBANK,EQ,2018-05-11,1247.5,1250,1272.4,1248.05,1265,1267.3,1260.72,1416236,1785477431,66549,792405,55.95
KOTAKBANK,EQ,2018-05-14,1267.3,1268,1288.15,1256.25,1266,1271.6,1274.65,1674393,2134262452,50424,1012594,60.48
KOTAKBANK,EQ,2018-05-15,1271.6,1274,1304.45,1259.25,1280,1283.85,1289.35,3979395,5130846596,118757,2370071,59.56
KOTAKBANK,EQ,2018-05-16,1283.85,1272,1293.05,1265,1285,1281.4,1279.86,1381194,1767741728,38832,509997,36.92
KOTAKBANK,EQ,2018-05-17,1281.4,1285,1296,1265,1265.6,1270.7,1278.97,2201571,2815734112,110784,1479272,67.19
KOTAKBANK,EQ,2018-05-18,1270.7,1268,1297.05,1267,1297,1294.4,1283.86,3368549,4324735697,89788,2660057,78.97
KOTAKBANK,EQ,2018-05-21,1294.4,1299.95,1299.95,1269.55,1272.9,1276.65,1280.83,1998879,2560229366,85168,1119062,55.98
KOTAKBANK,EQ,2018-05-22,1276.65,1276.8,1284.25,1258.65,1265.5,1262.7,1271.56,1357645,1726333200,62410,966559,71.19
KOTAKBANK,EQ,2018-05-23,1262.7,1260,1264.95,1242,1248.25,1255.35,1253.65,1512791,1896515823,41512,793993,52.49
KOTAKBANK,EQ,2018-05-24,1255.35,1250.5,1279.55,1246.15,1277,1275.45,1263.81,1572433,1987262281,49431,877714,55.82
KOTAKBANK,EQ,2018-05-25,1275.45,1277.95,1306.85,1272.5,1295,1295.85,1292.28,1065643,1377104180,35668,453070,42.52
KOTAKBANK,EQ,2018-05-28,1295.85,1300,1309.7,1289.8,1292.4,1297.15,1300.05,1527809,1986231596,44162,1018827,66.69
KOTAKBANK,EQ,2018-05-29,1297.15,1297.1,1300.9,1278.45,1280,1284.25,1290.72,1094590,1412812150,35243,639259,58.4
KOTAKBANK,EQ,2018-05-30,1284.25,1276.85,1308.4,1270.3,1302.15,1303.25,1288.94,2044432,2635140805,61746,1181444,57.79
KOTAKBANK,EQ,2018-05-31,1303.25,1306.9,1400,1301.45,1317.35,1334.6,1323.75,6684898,8849161697,146926,3425190,51.24
KOTAKBANK,EQ,2018-06-01,1334.6,1317,1334,1307.15,1318.05,1318,1320.86,2332688,3081144156,51235,1334421,57.21
KOTAKBANK,EQ,2018-06-04,1318,1334,1334,1293,1304,1303.95,1309.64,1462047,1914757343,79650,690365,47.22
KOTAKBANK,EQ,2018-06-05,1303.95,1303.95,1312.65,1297.2,1305,1304.7,1306.48,2085438,2724579313,55211,1498728,71.87
KOTAKBANK,EQ,2018-06-06,1304.7,1307,1320.95,1300,1317.8,1315.7,1312.51,1030269,1352238200,36360,540230,52.44
KOTAKBANK,EQ,2018-06-07,1315.7,1324,1334.7,1306.5,1311.5,1310.45,1324.83,2049203,2714845500,41105,1232582,60.15
KOTAKBANK,EQ,2018-06-08,1310.45,1308,1324.95,1301.25,1315.15,1318.35,1310.91,1848047,2422614142,41681,1275391,69.01
KOTAKBANK,EQ,2018-06-11,1318.35,1324,1329.85,1319,1324.9,1323.35,1324.63,1311222,1736889732,56229,832835,63.52
KOTAKBANK,EQ,2018-06-12,1323.35,1329,1332.65,1320.1,1330.6,1329.3,1327.4,977752,1297865020,33007,562094,57.49
KOTAKBANK,EQ,2018-06-13,1329.3,1331.4,1331.6,1312.65,1325.15,1325.65,1324.68,1495398,1980917244,57031,1094962,73.22
KOTAKBANK,EQ,2018-06-14,1325.65,1324.95,1338.05,1319.5,1327.65,1332.65,1328.64,1584229,2104876170,34908,1059662,66.89
KOTAKBANK,EQ,2018-06-15,1332.65,1332.6,1344.5,1322.35,1337,1340,1336.12,1658235,2215598030,44065,1050195,63.33
KOTAKBANK,EQ,2018-06-18,1340,1340,1341,1311.75,1313,1315.3,1318.97,1803688,2379007860,56747,1254502,69.55
KOTAKBANK,EQ,2018-06-19,1315.3,1315.3,1322.15,1300.2,1304.1,1303.25,1309.78,1616945,2117846515,44795,942001,58.26
KOTAKBANK,EQ,2018-06-20,1303.25,1309,1328.4,1299.05,1326,1324.6,1315.14,1125338,1479975670,49675,649667,57.73
KOTAKBANK,EQ,2018-06-21,1324.6,1332,1332,1311.1,1319,1313.95,1321.43,915466,1209727700,50115,444246,48.53
KOTAKBANK,EQ,2018-06-22,1313.95,1318.25,1324,1308.45,1319.5,1321.4,1314.46,1267210,1665695642,32015,785408,61.98
KOTAKBANK,EQ,2018-06-25,1321.4,1321,1335,1315,1327,1328,1327.6,1051297,1395706367,39964,588691,56
KOTAKBANK,EQ,2018-06-26,1328,1322,1342.1,1320.15,1331,1329.85,1334.09,1637022,2183931587,53347,962888,58.82
KOTAKBANK,EQ,2018-06-27,1329.85,1332,1339.8,1320.1,1325.1,1324.2,1329.59,1308470,1739725977,51659,780099,59.62
KOTAKBANK,EQ,2018-06-28,1324.2,1319,1349.9,1312.1,1341.6,1339.1,1331.49,4308361,5736558533,60218,2763335,64.14
KOTAKBANK,EQ,2018-06-29,1339.1,1336,1360,1335.3,1344,1342.95,1348.55,2305393,3108930407,77623,1224464,53.11
KOTAKBANK,EQ,2018-07-02,1342.95,1348.85,1354.4,1332,1339.35,1337.95,1342.8,1301687,1747899344,51100,612286,47.04
KOTAKBANK,EQ,2018-07-03,1337.95,1337,1357,1327.6,1355,1353.15,1343.65,1487237,1998330848,65780,836227,56.23
KOTAKBANK,EQ,2018-07-04,1353.15,1355.1,1369.9,1346.35,1365.3,1365.25,1358.66,1347778,1831173607,29427,802258,59.52
KOTAKBANK,EQ,2018-07-05,1365.25,1373,1377.55,1363.5,1365,1365,1370.11,1814111,2485538928,56880,1093389,60.27
KOTAKBANK,EQ,2018-07-06,1365,1358.2,1376.8,1358.2,1371.25,1371.2,1370.89,1042184,1428722914,63730,539227,51.74
KOTAKBANK,EQ,2018-07-09,1371.2,1374.9,1387.75,1367.5,1384.25,1385.1,1377.59,1875664,2583895448,56070,1283727,68.44
KOTAKBANK,EQ,2018-07-10,1385.1,1386.15,1388.6,1366.2,1370.85,1372.15,1373.24,1476023,2026929169,93135,841906,57.04
KOTAKBANK,EQ,2018-07-11,1372.15,1371.85,1389.85,1367,1388,1386.95,1381.92,1447218,1999945982,38633,877371,60.62
KOTAKBANK,EQ,2018-07-12,1386.95,1394.9,1400.5,1382.2,1389,1389.8,1390.35,1599679,2224109780,57110,821525,51.36
KOTAKBANK,EQ,2018-07-13,1389.8,1385.25,1411.9,1385.25,1405,1404.35,1405.38,1439199,2022618840,40925,665662,46.25
KOTAKBANK,EQ,2018-07-16,1404.35,1409.8,1417,1398.2,1408,1408.45,1407.81,1505129,2118939987,85270,976314,64.87
KOTAKBANK,EQ,2018-07-17,1408.45,1408.45,1415.75,1393.2,1400.25,1400.6,1400.94,1449255,2030315443,46439,972100,67.08
KOTAKBANK,EQ,2018-07-18,1400.6,1404,1407.95,1392.2,1402.85,1398.55,1400.98,1373015,1923569479,61805,852075,62.06
KOTAKBANK,EQ,2018-07-19,1398.55,1408,1408,1333.85,1345.75,1347.4,1362.94,6013280,8195751925,115322,2409254,40.07
KOTAKBANK,EQ,2018-07-20,1347.4,1340,1366.55,1331,1335,1333.3,1341.15,3305843,4433620293,138976,1879593,56.86
KOTAKBANK,EQ,2018-07-23,1333.3,1330,1351,1322.3,1343,1337.05,1336.93,1957666,2617252778,85137,1310123,66.92
KOTAKBANK,EQ,2018-07-24,1337.05,1342,1348.95,1305.15,1310.3,1312.25,1319.97,3125964,4126186655,116344,2005386,64.15
KOTAKBANK,EQ,2018-07-25,1312.25,1309,1317.5,1294,1313.1,1314.9,1304.62,3117078,4066600946,82499,2074292,66.55
KOTAKBANK,EQ,2018-07-26,1314.9,1311.65,1322.5,1294.35,1310.55,1311.25,1307.55,3664497,4791512541,76422,1433092,39.11
KOTAKBANK,EQ,2018-07-27,1311.25,1313.05,1327,1305.65,1312.9,1311.1,1316.74,1885821,2483145145,73950,944774,50.1
KOTAKBANK,EQ,2018-07-30,1311.1,1307.9,1307.9,1285.5,1304.8,1305.25,1300.02,1720338,2236474195,46052,963393,56
KOTAKBANK,EQ,2018-07-31,1305.25,1303.8,1313.6,1287.15,1307.15,1306.85,1301.47,1827739,2378752777,39764,1008779,55.19
KOTAKBANK,EQ,2018-08-01,1306.85,1304.85,1326.1,1304.85,1308.65,1312.7,1315.37,1684489,2215734118,57075,787476,46.75
KOTAKBANK,EQ,2018-08-02,1312.7,1309.65,1311,1276.7,1278.5,1280.2,1289.9,2065057,2663710776,62969,1203971,58.3
KOTAKBANK,EQ,2018-08-03,1280.2,1297,1314,1289.35,1308.25,1309.5,1304.01,2745749,3580476525,71662,1119297,40.76
KOTAKBANK,EQ,2018-08-06,1309.5,1313.95,1314,1279,1284,1282.8,1288.9,1895761,2443444269,59055,941699,49.67
KOTAKBANK,EQ,2018-08-07,1282.8,1287,1298.9,1274.15,1284,1283.7,1287.54,1751392,2254992884,56258,730833,41.73
KOTAKBANK,EQ,2018-08-08,1283.7,1288,1299.7,1282.55,1289,1288.3,1292.72,1517072,1961149103,49066,707251,46.62
KOTAKBANK,EQ,2018-08-09,1288.3,1292,1292,1270.1,1278.5,1277.25,1278.08,1422779,1818424178,47916,692578,48.68
KOTAKBANK,EQ,2018-08-10,1277.25,1273.05,1289.9,1272,1287.8,1285.5,1283.69,1539484,1976227885,36900,829635,53.89
KOTAKBANK,EQ,2018-08-13,1285.5,1275,1291.25,1275,1287.35,1287.15,1286.13,1981311,2548218593,62464,1038700,52.42
KOTAKBANK,EQ,2018-08-14,1287.15,1290,1298.8,1285,1293,1293,1295.57,1605329,2079820026,37831,1050664,65.45
KOTAKBANK,EQ,2018-08-16,1293,1270,1272,1242.75,1245,1245.4,1251.94,5749494,7198009912,138144,2394568,41.65
KOTAKBANK,EQ,2018-08-17,1245.4,1252,1273.95,1245,1261,1263.25,1264.49,3253970,4114624897,94137,1546429,47.52
KOTAKBANK,EQ,2018-08-20,1263.25,1263.25,1280.25,1261.45,1272.85,1274.75,1271.86,1054743,1341488739,35026,486230,46.1
KOTAKBANK,EQ,2018-08-21,1274.75,1269.25,1272.6,1260.25,1264,1263.4,1267.47,1143471,1449311894,44194,682426,59.68
KOTAKBANK,EQ,2018-08-23,1263.4,1264,1264,1238,1249.9,1247.7,1243.6,3151993,3919810833,84742,2210010,70.11
KOTAKBANK,EQ,2018-08-24,1247.7,1248.9,1263.95,1242.35,1253.85,1254.5,1255.18,2214361,2779426326,48665,1185492,53.54
KOTAKBANK,EQ,2018-08-27,1254.5,1260.05,1284.95,1258.3,1275.55,1274.9,1277.01,2499503,3191880964,73498,1497899,59.93
KOTAKBANK,EQ,2018-08-28,1274.9,1279.4,1295,1275.15,1286.25,1285.1,1286.71,1608796,2070054754,68762,899726,55.93
KOTAKBANK,EQ,2018-08-29,1285.1,1282.15,1295,1275,1286,1288.6,1285.53,1473564,1894316587,40658,759670,51.55
KOTAKBANK,EQ,2018-08-30,1288.6,1282,1282,1263.4,1276,1278.05,1274.43,2372843,3024015751,69041,1153270,48.6
KOTAKBANK,EQ,2018-08-31,1278.05,1275.55,1294,1275.55,1287,1287.25,1286.28,1569633,2018980434,49503,871124,55.5
KOTAKBANK,EQ,2018-09-03,1287.25,1292,1295,1265,1266.25,1269.1,1270.98,2076747,2639495128,59594,1398012,67.32
KOTAKBANK,EQ,2018-09-04,1269.1,1270,1275.3,1251.1,1259,1257.6,1257.35,2001489,2516574199,49476,1444981,72.2
KOTAKBANK,EQ,2018-09-05,1257.6,1257,1266,1227.6,1237,1238.15,1240.61,2262546,2806937975,74217,1523532,67.34
KOTAKBANK,EQ,2018-09-06,1238.15,1242,1264.6,1238.15,1258.55,1260.9,1257.52,2947633,3706721323,66281,1996252,67.72
KOTAKBANK,EQ,2018-09-07,1260.9,1257,1260,1238.1,1244.2,1244.95,1245.67,1452290,1809074600,48485,788839,54.32
KOTAKBANK,EQ,2018-09-10,1244.95,1241,1241.5,1215,1226.6,1223.35,1221.23,2437820,2977145084,112855,1583522,64.96
KOTAKBANK,EQ,2018-09-11,1223.35,1227,1227.65,1203.75,1205.7,1206.4,1212.42,2287373,2773250281,78247,1520230,66.46
KOTAKBANK,EQ,2018-09-12,1206.4,1206,1233.75,1200,1232,1230.4,1221.85,2105288,2572339223,72782,941529,44.72
KOTAKBANK,EQ,2018-09-14,1230.4,1240,1244.65,1228.55,1238.4,1239.55,1237.4,1921249,2377350781,77373,1100699,57.29
KOTAKBANK,EQ,2018-09-17,1239.55,1227.65,1238.9,1221.65,1228.2,1230.4,1230.84,1861679,2291430244,39453,1324830,71.16
KOTAKBANK,EQ,2018-09-18,1230.4,1227.95,1233.85,1210.5,1213,1215.3,1224.15,2270665,2779633291,65391,1655581,72.91
KOTAKBANK,EQ,2018-09-19,1215.3,1217,1234,1217,1226.15,1226.9,1228.27,2077024,2551154742,71001,1440131,69.34
KOTAKBANK,EQ,2018-09-21,1226.9,1227,1246,1143,1185,1180.2,1201.43,4533128,5446245637,112122,2354747,51.95
KOTAKBANK,EQ,2018-09-24,1180.2,1180,1182.95,1144.3,1145.05,1148.7,1152.04,3457790,3983497685,99434,2143308,61.98
KOTAKBANK,EQ,2018-09-25,1148.7,1146,1191.1,1120.15,1186.1,1183.35,1146.17,3776071,4328021220,97367,2007583,53.17
KOTAKBANK,EQ,2018-09-26,1183.35,1186.1,1188.65,1161.3,1165,1169.4,1173.63,2446177,2870899903,50757,1595934,65.24
KOTAKBANK,EQ,2018-09-27,1169.4,1172,1177.15,1138.95,1145.95,1142.45,1151.18,3967316,4567095840,102731,2788762,70.29
KOTAKBANK,EQ,2018-09-28,1142.45,1147,1163,1133.35,1135.95,1141.6,1146.14,3421603,3921645759,71238,2132743,62.33
KOTAKBANK,EQ,2018-10-01,1141.6,1090,1130.8,1002.2,1118,1122,1082.85,10535080,11407922899,248714,3312349,31.44
KOTAKBANK,EQ,2018-10-03,1122,1116.9,1138.55,1086.1,1105.1,1098.25,1116.19,2961974,3306122621,83187,1290574,43.57
KOTAKBANK,EQ,2018-10-04,1098.25,1085,1094.55,1056.6,1069,1074.5,1078.04,3439111,3707496502,88547,1842937,53.59
KOTAKBANK,EQ,2018-10-05,1074.5,1070.7,1088.95,1040.45,1047.1,1052.2,1073.6,3767039,4044300231,136474,2308314,61.28
KOTAKBANK,EQ,2018-10-08,1052.2,1050.05,1116.8,1044.15,1099.2,1104.3,1082.63,4067810,4403950339,121010,2253161,55.39
KOTAKBANK,EQ,2018-10-09,1104.3,1106,1126.5,1085.5,1111.55,1108.45,1111.8,3114848,3463079802,114881,1708120,54.84
KOTAKBANK,EQ,2018-10-10,1108.45,1113.5,1146.6,1112.25,1140,1137.75,1132.75,3385261,3834643782,107595,2255142,66.62
KOTAKBANK,EQ,2018-10-11,1137.75,1100,1120,1095,1117.95,1115.55,1111.14,2283217,2536965302,67039,1282973,56.19
KOTAKBANK,EQ,2018-10-12,1115.55,1122,1173.15,1122,1166.05,1167.15,1157.8,6276615,7267070738,118556,4883812,77.81
KOTAKBANK,EQ,2018-10-15,1167.15,1170,1183.8,1157.5,1168.75,1170.45,1171.89,3181839,3728774796,106734,2062295,64.81
KOTAKBANK,EQ,2018-10-16,1170.45,1171.5,1181.7,1162.75,1169.95,1175.75,1172.53,3685402,4321243715,61618,2852842,77.41
KOTAKBANK,EQ,2018-10-17,1175.75,1185,1188.65,1172.25,1173.05,1176,1182.02,4792844,5665249974,56509,3722610,77.67
KOTAKBANK,EQ,2018-10-19,1176,1165,1206,1160.6,1198,1198.95,1179.99,3566784,4208767189,60714,2463180,69.06
KOTAKBANK,EQ,2018-10-22,1198.95,1205.2,1219.2,1157.5,1164,1164,1194.63,4342603,5187785342,98032,2413265,55.57
KOTAKBANK,EQ,2018-10-23,1164,1150,1179.8,1143.55,1173.7,1174.45,1162.92,2237537,2602086857,44047,1213440,54.23
KOTAKBANK,EQ,2018-10-24,1174.45,1185,1195.05,1153.95,1181,1177.1,1172.56,4309834,5053527060,107194,1426887,33.11
KOTAKBANK,EQ,2018-10-25,1177.1,1173,1194.2,1165,1189.5,1185.8,1177.95,3613893,4256967324,120523,2350963,65.05
KOTAKBANK,EQ,2018-10-26,1185.8,1185,1193,1152.3,1153,1158.6,1173.41,1842212,2161665730,58845,798417,43.34
KOTAKBANK,EQ,2018-10-29,1158.6,1152.1,1152.9,1098.45,1140,1138.1,1122.35,3711300,4165371284,79549,1700003,45.81
KOTAKBANK,EQ,2018-10-30,1138.1,1140,1146,1115.3,1120.1,1123.8,1130.55,1950633,2205285031,52405,755316,38.72
KOTAKBANK,EQ,2018-10-31,1123.8,1129.1,1135,1107,1117.1,1119.15,1116.34,2764840,3086490920,91833,1505296,54.44
KOTAKBANK,EQ,2018-11-01,1119.15,1123.7,1126.75,1101.1,1107,1109.55,1111.22,2669317,2966190183,90760,1080238,40.47
KOTAKBANK,EQ,2018-11-02,1109.55,1118.25,1146,1112.5,1132.15,1133.2,1135.16,3900710,4427928911,112546,2041928,52.35
KOTAKBANK,EQ,2018-11-05,1133.2,1135,1135,1115.5,1130,1129.45,1125.43,1403820,1579905140,41992,577333,41.13
KOTAKBANK,EQ,2018-11-06,1129.45,1128.45,1140,1121.15,1127.9,1125.3,1134.65,2106333,2389953334,50697,954525,45.32
KOTAKBANK,EQ,2018-11-07,1125.3,1134,1139.3,1132.35,1133.2,1134.3,1134.82,163566,185617432.6,4681,77903,47.63
KOTAKBANK,EQ,2018-11-09,1134.3,1132,1138.85,1115.75,1138,1135.55,1129.79,1636807,1849250567,56570,977824,59.74
KOTAKBANK,EQ,2018-11-12,1135.55,1139,1161.95,1138.15,1153,1153.7,1153.97,2287379,2639566115,56683,1364864,59.67
KOTAKBANK,EQ,2018-11-13,1153.7,1150,1171.4,1140,1163.05,1165.9,1156,2117621,2447976170,33007,1290923,60.96
KOTAKBANK,EQ,2018-11-14,1165.9,1170.1,1175,1122.4,1125,1129.9,1146.86,2706898,3104435296,72923,1351604,49.93
KOTAKBANK,BL,2018-11-15,860,1130,1130,1130,1130,1130,1130,12745702,14402643260,3,12745702,100
KOTAKBANK,EQ,2018-11-15,1129.9,1139,1166,1132,1161.15,1162.25,1147.4,3049191,3498628740,76870,929728,30.49
KOTAKBANK,EQ,2018-11-16,1162.25,1172,1173,1152.75,1172,1168.6,1164.72,1862043,2168761531,75874,788788,42.36
KOTAKBANK,EQ,2018-11-19,1168.6,1175,1188.95,1165,1177,1175.25,1178.09,2005694,2362883423,91598,1045444,52.12
KOTAKBANK,EQ,2018-11-20,1175.25,1170,1178.3,1162.15,1169.2,1169.95,1170.16,1805161,2112333033,50668,1100786,60.98
KOTAKBANK,EQ,2018-11-21,1169.95,1169.95,1185,1169.85,1174.6,1176.7,1177.64,1432572,1687047293,36788,822038,57.38
KOTAKBANK,EQ,2018-11-22,1176.7,1171,1182,1167.6,1169.8,1170.6,1174.37,1257089,1476290046,29394,689974,54.89
KOTAKBANK,EQ,2018-11-26,1170.6,1173.15,1180,1153.05,1168.55,1170.55,1162.42,2456379,2855336964,41216,1208256,49.19
KOTAKBANK,EQ,2018-11-27,1170.55,1163.1,1178.95,1163.1,1175.1,1173.55,1171.61,1737759,2035975608,57767,979720,56.38
KOTAKBANK,EQ,2018-11-28,1173.55,1172.15,1187.7,1157.6,1162.95,1160.25,1173.05,1950956,2288563935,40476,982290,50.35
KOTAKBANK,EQ,2018-11-29,1160.25,1165.5,1219.9,1157,1209,1212.95,1186.53,6607241,7839668286,88735,4370112,66.14
KOTAKBANK,EQ,2018-11-30,1212.95,1209,1238.4,1197.7,1235,1233.95,1219.55,3005495,3665352436,81694,1091377,36.31
KOTAKBANK,EQ,2018-12-03,1233.95,1240,1244,1218.4,1227,1226.1,1231.76,1817913,2239223713,63409,937101,51.55
KOTAKBANK,EQ,2018-12-04,1226.1,1227,1236.3,1210,1225.9,1225.3,1222.69,1565130,1913665391,67627,694719,44.39
KOTAKBANK,EQ,2018-12-05,1225.3,1221.55,1228.4,1203,1213.65,1211.5,1211.62,2856527,3461011026,68896,1855571,64.96
KOTAKBANK,EQ,2018-12-06,1211.5,1205,1205,1171.15,1183.35,1180.25,1185.35,3097300,3671395986,81535,2006521,64.78
KOTAKBANK,EQ,2018-12-07,1180.25,1181,1345.95,1176.15,1284.55,1279.65,1274.63,33807619,43092109067,688577,4436912,13.12
KOTAKBANK,EQ,2018-12-10,1279.65,1244.1,1289.9,1188,1201.5,1198.35,1223.62,18948035,23185149407,457113,2172063,11.46
KOTAKBANK,EQ,2018-12-11,1198.35,1189,1239,1171,1239,1218.7,1196.24,10078591,12056399823,249013,2400472,23.82
KOTAKBANK,EQ,2018-12-12,1218.7,1229.4,1261,1224.2,1234,1237.15,1241.16,6563999,8146961247,156479,1746108,26.6
KOTAKBANK,EQ,2018-12-13,1237.15,1240,1271.8,1228.6,1268.6,1264.4,1249.77,4227732,5283676269,103578,1445798,34.2
KOTAKBANK,EQ,2018-12-14,1264.4,1264.4,1271.7,1247.1,1256.6,1255.95,1260.29,2671529,3366891608,71621,888933,33.27
KOTAKBANK,EQ,2018-12-17,1255.95,1260,1266,1207.05,1222,1222.45,1227.21,7385641,9063729901,185821,1661496,22.5
KOTAKBANK,EQ,2018-12-18,1222.45,1214.9,1239.65,1214,1236.9,1237.1,1226.8,3678466,4512733764,99818,1298611,35.3
KOTAKBANK,EQ,2018-12-19,1237.1,1238.8,1245.7,1222.1,1224.1,1225.65,1231.77,3032003,3734735957,85724,1411756,46.56
KOTAKBANK,EQ,2018-12-20,1225.65,1219.8,1239.4,1215.6,1237,1236.3,1228.82,2300954,2827469377,62921,635031,27.6
KOTAKBANK,EQ,2018-12-21,1236.3,1240,1242.9,1223.65,1228,1227.2,1230.79,2208029,2717611747,70540,882837,39.98
KOTAKBANK,EQ,2018-12-24,1227.2,1230,1243.45,1221,1238,1238.5,1233.83,1539829,1899882030,52548,287817,18.69
KOTAKBANK,EQ,2018-12-26,1238.5,1234.5,1250.8,1210.5,1250.8,1248.15,1229.93,2379224,2926290394,70395,764067,32.11
KOTAKBANK,EQ,2018-12-27,1248.15,1257.25,1258.65,1235.35,1243,1240.25,1243.36,2653738,3299563661,54771,1077073,40.59
KOTAKBANK,EQ,2018-12-28,1240.25,1244.25,1250.9,1235.05,1239.65,1241.35,1243.55,1740134,2163934982,44434,646268,37.14
KOTAKBANK,EQ,2018-12-31,1241.35,1237,1262.5,1233.5,1253,1256.5,1247.55,2324352,2899750499,69034,761564,32.76
KOTAKBANK,EQ,2019-01-01,1256.5,1254,1256,1242.25,1249,1250.45,1249.93,1202580,1503135302,29498,317097,26.37
KOTAKBANK,EQ,2019-01-02,1250.45,1247.9,1248.25,1227,1241,1240.6,1239.11,1713677,2123441233,50162,671977,39.21
KOTAKBANK,EQ,2019-01-03,1240.6,1240,1251,1227.65,1233,1235.25,1236.83,1825888,2258314241,40004,890956,48.8
KOTAKBANK,EQ,2019-01-04,1235.25,1238,1252,1230,1245.1,1247.95,1242.01,1468796,1824256763,50590,506055,34.45
KOTAKBANK,EQ,2019-01-07,1247.95,1250.95,1254,1241,1244.2,1246.6,1247.16,1211456,1510880050,30308,490464,40.49
KOTAKBANK,EQ,2019-01-08,1246.6,1243,1244.2,1225.95,1228,1228.9,1233.45,1661528,2049409516,58461,729428,43.9
KOTAKBANK,EQ,2019-01-09,1228.9,1237.35,1244,1228.1,1236.7,1238.25,1236.97,1647622,2038062924,67045,864828,52.49
KOTAKBANK,EQ,2019-01-10,1238.25,1239,1242,1216.35,1218,1219.55,1226.4,1651443,2025330772,48553,782497,47.38
KOTAKBANK,EQ,2019-01-11,1219.55,1225,1229.2,1213.2,1218.5,1223.2,1220.78,2129299,2599403970,44931,1099353,51.63
KOTAKBANK,EQ,2019-01-14,1223.2,1217,1224.45,1206.4,1210,1211.75,1213.94,1364695,1656657216,49971,639889,46.89
KOTAKBANK,EQ,2019-01-15,1211.75,1217,1220,1210.3,1216,1213.4,1214.68,1153871,1401589746,25439,693507,60.1
KOTAKBANK,EQ,2019-01-16,1213.4,1215.7,1216.95,1198,1201.85,1202.75,1203.45,2374649,2857766479,59998,1352259,56.95
KOTAKBANK,EQ,2019-01-17,1202.75,1208,1225.05,1200,1217.8,1219.95,1212.19,3934500,4769373429,83580,2128547,54.1
KOTAKBANK,EQ,2019-01-18,1219.95,1220.1,1243,1216.5,1240.2,1240.2,1233.83,2598572,3206189774,79534,1305338,50.23
KOTAKBANK,EQ,2019-01-21,1240.2,1240.7,1275.5,1222.65,1274,1267.6,1253.83,9785366,12269229626,256765,2915305,29.79
KOTAKBANK,EQ,2019-01-22,1267.6,1279,1307.95,1273.1,1291.5,1291.75,1294.21,9072680,11741959334,234775,2860336,31.53
KOTAKBANK,EQ,2019-01-23,1291.75,1298.9,1298.9,1271.05,1272.05,1276.5,1283.49,3258582,4182347120,117883,1238754,38.02
KOTAKBANK,EQ,2019-01-24,1276.5,1274,1276.5,1263,1265,1267.75,1269.32,1459776,1852921474,68169,582583,39.91
KOTAKBANK,EQ,2019-01-25,1267.75,1268.8,1287.7,1258.55,1268.85,1266.15,1276.61,1441296,1839971562,62568,430344,29.86
KOTAKBANK,EQ,2019-01-28,1266.15,1269,1285,1255,1259.95,1260.45,1271.3,2054592,2611997770,71896,892458,43.44
KOTAKBANK,EQ,2019-01-29,1260.45,1260,1273,1248,1251.5,1251.4,1260.18,2591590,3265862348,89223,1398106,53.95
KOTAKBANK,EQ,2019-01-30,1251.4,1255,1255.5,1217.8,1219,1222.2,1230.95,2754232,3390327317,114019,1453711,52.78
KOTAKBANK,EQ,2019-01-31,1222.2,1222,1260,1211.4,1256,1255.75,1244.2,2968660,3693612616,93267,1113938,37.52
KOTAKBANK,EQ,2019-02-01,1255.75,1257.05,1270.8,1240.2,1257.65,1255.7,1255.68,2189154,2748880852,81346,945352,43.18
KOTAKBANK,EQ,2019-02-04,1255.7,1245,1274.7,1245,1274,1272.2,1262.62,1379319,1741559692,48772,466581,33.83
KOTAKBANK,EQ,2019-02-05,1272.2,1276,1287,1267.5,1277,1279.15,1279.95,1917782,2454656292,55076,578369,30.16
KOTAKBANK,EQ,2019-02-06,1279.15,1280,1288.8,1276.35,1280,1279.5,1282.77,1158741,1486394095,54285,488007,42.12
KOTAKBANK,EQ,2019-02-07,1279.5,1280,1295,1275.3,1281.7,1284.55,1285.53,1198410,1540589821,40461,389883,32.53
KOTAKBANK,EQ,2019-02-08,1284.55,1284,1311,1277.3,1298.55,1299.4,1298.45,2481433,3222015419,74972,1014487,40.88
KOTAKBANK,EQ,2019-02-11,1299.4,1296,1315,1294,1301.35,1301.55,1306.45,3144675,4108345166,86628,1473890,46.87
KOTAKBANK,EQ,2019-02-12,1301.55,1300,1310,1295.3,1298,1298.65,1303.89,1482010,1932384646,45476,724813,48.91
KOTAKBANK,EQ,2019-02-13,1298.65,1305,1306.75,1292.8,1298.25,1298.3,1300.31,902822,1173946998,41146,391661,43.38
KOTAKBANK,EQ,2019-02-14,1298.3,1302,1302.25,1271.55,1285.7,1286.8,1283.77,2491111,3198002763,70425,1409729,56.59
KOTAKBANK,EQ,2019-02-15,1286.8,1287.8,1290,1270,1283,1283.65,1279.97,2006955,2568849677,68296,1239882,61.78
KOTAKBANK,BL,2019-02-18,1130,1283.65,1283.65,1283.65,1283.65,1283.65,1283.65,1519895,1951013217,1,0,0
KOTAKBANK,EQ,2019-02-18,1283.65,1281,1288,1273.25,1275,1277.05,1281.22,1265173,1620965853,42500,615230,48.63
KOTAKBANK,EQ,2019-02-19,1277.05,1277,1285.25,1271.85,1279.25,1280.45,1279.71,1268328,1623093727,35986,576694,45.47
KOTAKBANK,EQ,2019-02-20,1280.45,1281.3,1292,1279.2,1290.75,1289.75,1287.03,1350202,1737754271,39235,601533,44.55
KOTAKBANK,EQ,2019-02-21,1289.75,1291.9,1297.6,1283.5,1288.45,1289.15,1289.34,1819094,2345437848,41458,1141149,62.73
KOTAKBANK,EQ,2019-02-22,1289.15,1251,1258,1225,1238.25,1237.9,1230.65,83859904,1.03202E+11,299384,58531864,69.8
KOTAKBANK,BL,2019-02-25,1283.65,1237.9,1237.9,1237.9,1237.9,1237.9,1237.9,315094,390054862.6,1,0,0
KOTAKBANK,EQ,2019-02-25,1237.9,1243.4,1246.85,1230,1238.6,1240.95,1238.88,3735590,4627937790,104401,1818638,48.68
KOTAKBANK,EQ,2019-02-26,1240.95,1224,1249.7,1220.1,1234.25,1236.15,1233.09,5026571,6198217981,97472,2903338,57.76
KOTAKBANK,EQ,2019-02-27,1236.15,1238,1241.6,1211.1,1213.4,1216.15,1223.04,5388722,6590619269,184445,3258609,60.47
KOTAKBANK,EQ,2019-02-28,1216.15,1213.2,1225.05,1210,1213.3,1213.1,1215.52,8722836,10602739877,177985,6970117,79.91
KOTAKBANK,EQ,2019-03-01,1213.1,1221.7,1230.5,1217.35,1224.1,1225.95,1224.98,2162834,2649422162,78869,1348572,62.35
KOTAKBANK,EQ,2019-03-05,1225.95,1223.9,1246.3,1217.8,1240,1240.45,1237.64,3128451,3871881070,110526,2207022,70.55
KOTAKBANK,EQ,2019-03-06,1240.45,1242.1,1247,1236.6,1243.75,1241.3,1241.97,2306834,2865024886,97830,1607743,69.69
KOTAKBANK,EQ,2019-03-07,1241.3,1244,1246,1235.2,1235.7,1237.2,1240.57,1434561,1779669853,46179,787663,54.91
KOTAKBANK,EQ,2019-03-08,1237.2,1237,1243.5,1231.7,1238,1238.9,1237.97,1051433,1301637776,54970,520736,49.53
KOTAKBANK,EQ,2019-03-11,1238.9,1238,1254.9,1234,1252,1249.55,1244.41,2065386,2570184945,98407,1217559,58.95
KOTAKBANK,EQ,2019-03-12,1249.55,1260.45,1272,1253.1,1262,1263.35,1263.31,3541360,4473824081,126666,2156084,60.88
KOTAKBANK,EQ,2019-03-13,1263.35,1263.5,1269.1,1247.05,1262,1261.25,1259.33,2425470,3054462094,73086,1170560,48.26
KOTAKBANK,EQ,2019-03-14,1261.25,1263,1277.45,1257,1269.55,1268.95,1267.25,2497386,3164823352,70298,1267662,50.76
KOTAKBANK,EQ,2019-03-15,1268.95,1271.9,1339.35,1270,1328,1325.15,1320.32,10393505,13722720496,218226,2423038,23.31
KOTAKBANK,EQ,2019-03-18,1325.15,1340,1360,1330.8,1345.05,1343.65,1345.56,5384740,7245494474,150403,1923916,35.73
KOTAKBANK,EQ,2019-03-19,1343.65,1350,1355,1338.55,1343.55,1347.75,1348.83,3117212,4204580796,104094,2001674,64.21
KOTAKBANK,EQ,2019-03-20,1347.75,1349.1,1357.9,1331,1351.05,1351.6,1341.92,3969408,5326610330,90335,2537836,63.93
KOTAKBANK,EQ,2019-03-22,1351.6,1354.7,1364.65,1331,1339,1336.25,1345.86,2620049,3526210458,118244,1494746,57.05
KOTAKBANK,EQ,2019-03-25,1336.25,1325.95,1330.85,1303.2,1309,1308.65,1310.83,2869564,3761500517,72033,1744659,60.8
KOTAKBANK,EQ,2019-03-26,1308.65,1312.25,1347.95,1310.05,1343.1,1342.95,1325.84,2051170,2719522982,52851,902470,44
KOTAKBANK,EQ,2019-03-27,1342.95,1349.95,1363.9,1325.05,1329.95,1332.85,1346.59,3039458,4092913754,101680,1152906,37.93
KOTAKBANK,EQ,2019-03-28,1332.85,1338,1352,1328.9,1344.95,1340.75,1340.81,4616695,6190089128,134103,2917635,63.2
KOTAKBANK,EQ,2019-03-29,1340.75,1350,1352,1329.1,1334.5,1334.5,1338.52,2257766,3022055245,79976,1157221,51.26
KOTAKBANK,EQ,2019-04-01,1334.5,1336,1362,1326.05,1338,1339.4,1341.36,3167512,4248789647,99066,1274939,40.25
KOTAKBANK,EQ,2019-04-02,1339.4,1344,1344.85,1328,1343,1339.45,1335.8,1775599,2371838543,86574,818127,46.08
KOTAKBANK,EQ,2019-04-03,1339.45,1342,1357.45,1331,1333,1334.2,1346.97,2766566,3726481873,66630,1001144,36.19
KOTAKBANK,EQ,2019-04-04,1334.2,1337.4,1344.75,1317.05,1325,1322.9,1332.84,2592949,3455982454,102444,1309122,50.49
KOTAKBANK,EQ,2019-04-05,1322.9,1330,1340.05,1326.15,1337.1,1335.95,1333.77,1743729,2325736123,49542,1013162,58.1
KOTAKBANK,EQ,2019-04-08,1335.95,1341,1347.5,1333.2,1339.8,1343.25,1341.05,1587867,2129409369,58526,821876,51.76
KOTAKBANK,EQ,2019-04-09,1343.25,1339.95,1347.15,1322.1,1344,1341.45,1334.89,2246843,2999291021,81228,1298883,57.81
KOTAKBANK,EQ,2019-04-10,1341.45,1338.05,1367.95,1338.05,1350,1349.9,1356.32,3031207,4111290116,75746,1229243,40.55
KOTAKBANK,EQ,2019-04-11,1349.9,1349.7,1349.95,1333.55,1341.3,1343.2,1342.09,1348573,1809909799,40700,460520,34.15
KOTAKBANK,EQ,2019-04-12,1343.2,1343.2,1348,1336.55,1344.9,1343.45,1342.14,1704832,2288122781,59468,1018229,59.73
KOTAKBANK,EQ,2019-04-15,1343.45,1348,1378,1343.45,1376,1373.85,1362.83,2879023,3923615959,53694,1718214,59.68
KOTAKBANK,EQ,2019-04-16,1373.85,1382.4,1390.45,1370.1,1383.5,1386.4,1381.98,2332796,3223875140,63174,925540,39.68
KOTAKBANK,EQ,2019-04-18,1386.4,1386.4,1392,1362.85,1369.9,1369.65,1380.55,2408936,3325647185,60393,1595773,66.24
KOTAKBANK,EQ,2019-04-22,1369.65,1360,1365.8,1346.1,1350.55,1356.7,1357.53,2419108,3284003736,39196,1594635,65.92
KOTAKBANK,EQ,2019-04-23,1356.7,1357.95,1368.55,1351,1354.65,1355.35,1357.39,1619687,2198544843,57149,857610,52.95
KOTAKBANK,EQ,2019-04-24,1355.35,1355,1370,1339.65,1363.75,1366.75,1354.99,1934411,2621101176,63745,996434,51.51
KOTAKBANK,EQ,2019-04-25,1366.75,1368.9,1377,1355,1359,1360.4,1367.54,1807598,2471954160,51642,790822,43.75
KOTAKBANK,EQ,2019-04-26,1360.4,1362,1384.4,1342.8,1378,1379.25,1362.48,2560864,3489125238,69078,1349711,52.71
KOTAKBANK,EQ,2019-04-30,1379.25,1382.2,1397,1351.05,1385,1386.55,1379.95,6210573,8570309790,178494,1754360,28.25
KOTAKBANK,EQ,2019-05-02,1386.55,1394,1421.75,1382.5,1404,1406.35,1401.94,4780805,6702394679,134718,2223975,46.52
KOTAKBANK,EQ,2019-05-03,1406.35,1406.4,1435.75,1400.2,1416.95,1417.8,1424.73,4269675,6083113530,105258,2096693,49.11
KOTAKBANK,EQ,2019-05-06,1417.8,1400,1417,1399.7,1407.65,1410.4,1411.76,2109507,2978114154,78430,1163280,55.14
KOTAKBANK,EQ,2019-05-07,1410.4,1410,1425,1399.25,1402.15,1408.15,1413.9,2786736,3940174277,78510,1388796,49.84
KOTAKBANK,EQ,2019-05-08,1408.15,1404,1414.9,1388.7,1402.25,1402.2,1400.91,2539315,3557351521,98837,1552446,61.14
KOTAKBANK,EQ,2019-05-09,1402.2,1394.2,1407.9,1366.3,1370.05,1385.5,1398.45,4704782,6579397688,94410,3381445,71.87
KOTAKBANK,EQ,2019-05-10,1385.5,1370,1406.5,1368.1,1393.05,1398.15,1388.81,4149709,5763158348,92458,2451420,59.07
KOTAKBANK,EQ,2019-05-13,1398.15,1396,1399.75,1380.05,1393.15,1389.35,1390.88,1654964,2301856434,57408,929758,56.18
KOTAKBANK,EQ,2019-05-14,1389.35,1388.5,1397,1368.6,1384.95,1382.95,1381.44,2930296,4048030204,81097,1771403,60.45
KOTAKBANK,EQ,2019-05-15,1382.95,1384,1403.55,1378.7,1395,1395.8,1394.17,2122200,2958701854,65728,1194522,56.29
KOTAKBANK,EQ,2019-05-16,1395.8,1396.9,1423.45,1378.65,1415.1,1413.15,1397.62,1423360,1989318459,49604,636786,44.74
KOTAKBANK,EQ,2019-05-17,1413.15,1416,1469.8,1415.4,1465,1460,1442.09,3799219,5478815345,195461,2330547,61.34
KOTAKBANK,EQ,2019-05-20,1460,1491,1505.3,1461.1,1502.6,1502.55,1485.88,4668729,6937181942,99990,2901187,62.14
KOTAKBANK,EQ,2019-05-21,1502.55,1503,1514.8,1483.8,1490,1487.9,1497.04,3224278,4826874866,73511,1850534,57.39
KOTAKBANK,EQ,2019-05-22,1487.9,1493,1517.7,1488.7,1495.65,1495.25,1501.89,2498663,3752724008,97155,1308472,52.37
KOTAKBANK,EQ,2019-05-23,1495.25,1519,1555.9,1489.2,1507,1499.75,1522.02,5796574,8822476138,176487,3434306,59.25
KOTAKBANK,EQ,2019-05-24,1499.75,1510,1524,1490,1510.2,1511.7,1506.65,2873390,4329190607,102207,1353863,47.12
KOTAKBANK,EQ,2019-05-27,1511.7,1506.65,1533,1500,1530,1529.4,1517.08,2228063,3380158552,64365,1069571,48
KOTAKBANK,EQ,2019-05-28,1529.4,1533,1533,1500,1514.95,1511,1508.81,1993302,3007507670,55602,1051805,52.77
KOTAKBANK,EQ,2019-05-29,1511,1509.3,1530,1502,1518,1513.9,1515.96,1450826,2199390709,64953,630787,43.48
KOTAKBANK,EQ,2019-05-30,1513.9,1513.9,1541.75,1511.9,1531.55,1535.35,1530.86,2939419,4499827942,62885,1455771,49.53
KOTAKBANK,EQ,2019-05-31,1535.35,1536,1544,1467.4,1519.95,1522.15,1520.24,2760214,4196180546,74915,1277339,46.28
KOTAKBANK,EQ,2019-06-03,1522.15,1513.2,1534.8,1506,1532.45,1531.25,1525.84,1235302,1884878798,54848,575925,46.62
KOTAKBANK,EQ,2019-06-04,1531.25,1530,1540,1522.2,1534,1531.35,1532.15,1174433,1799406937,66465,592361,50.44
KOTAKBANK,EQ,2019-06-06,1531.35,1532.55,1540.9,1501,1516,1514.25,1519.68,2044919,3107629889,65197,1172345,57.33
KOTAKBANK,EQ,2019-06-07,1514.25,1523.8,1523.8,1487.75,1510,1511.8,1505.38,1533892,2309096048,73230,563834,36.76
KOTAKBANK,EQ,2019-06-10,1511.8,1503.3,1510.9,1486.6,1501.8,1502.6,1498.37,1715150,2569928370,73935,646905,37.72
KOTAKBANK,EQ,2019-06-11,1502.6,1509.3,1514.25,1492.55,1504.5,1507.7,1503.32,944811,1420350819,37825,315535,33.4
KOTAKBANK,EQ,2019-06-12,1507.7,1500,1502.5,1476.15,1486.5,1483.5,1484.27,1768429,2624828142,86567,961184,54.35
KOTAKBANK,EQ,2019-06-13,1483.5,1482,1509,1476.95,1504.05,1504,1490.69,2303315,3433535988,106563,1460423,63.41
KOTAKBANK,EQ,2019-06-14,1504,1504.05,1504.05,1465.6,1470.8,1473.85,1482.85,1953510,2896752994,97556,1104596,56.54
KOTAKBANK,EQ,2019-06-17,1473.85,1478,1478.4,1451.1,1461,1460.35,1460.14,2366222,3455012346,93687,1585532,65.07
KOTAKBANK,EQ,2019-06-18,1460.35,1465,1474.5,1455.15,1463.6,1461.85,1465.3,2424818,3553080044,128740,1638497,65.85
KOTAKBANK,EQ,2019-06-19,1461.85,1473,1504.8,1471.9,1502,1497.8,1495.4,3891330,5819076470,106788,2197801,56.48
KOTAKBANK,EQ,2019-06-20,1497.8,1500.5,1520,1497,1518,1518.35,1514.54,2567566,3888681198,82269,1395078,54.33
KOTAKBANK,EQ,2019-06-21,1518.35,1516,1516,1483.2,1495.85,1489.8,1498.3,1214842,1820195337,36545,512849,42.22
KOTAKBANK,EQ,2019-06-24,1489.8,1489,1497.3,1464.35,1473.1,1470.6,1473.05,2026531,2985190417,54198,1354322,66.83
KOTAKBANK,EQ,2019-06-25,1470.6,1471.85,1491.25,1467,1483.1,1483.9,1477.19,2052490,3031926234,62961,1291723,62.93
KOTAKBANK,EQ,2019-06-26,1483.9,1485,1496,1475.35,1494.9,1490.6,1486.14,2210462,3285063985,44581,1496111,67.68
KOTAKBANK,EQ,2019-06-27,1490.6,1500,1506.7,1477.5,1480.85,1481.6,1490.86,3860539,5755511662,84620,2485038,64.37
KOTAKBANK,EQ,2019-06-28,1481.6,1485,1486.1,1471.6,1477,1477.1,1479.07,1814086,2683163819,113648,1272367,70.14
KOTAKBANK,EQ,2019-07-01,1477.1,1486.9,1490.9,1469.4,1483.5,1481.2,1478.32,1904359,2815244828,74941,1166378,61.25
KOTAKBANK,EQ,2019-07-02,1481.2,1483.9,1486.95,1467.05,1469,1471.5,1471.8,1803732,2654738363,94990,1041984,57.77
KOTAKBANK,EQ,2019-07-03,1471.5,1473.95,1482,1462.35,1474.45,1475,1471.7,2647048,3895672035,40705,1637716,61.87
KOTAKBANK,EQ,2019-07-04,1475,1475,1504.85,1475,1496.45,1497.8,1497.75,3025925,4532077488,80533,1217567,40.24
KOTAKBANK,EQ,2019-07-05,1497.8,1504.85,1520,1500.05,1516,1517.2,1510.94,2967320,4483446780,64753,1161522,39.14
KOTAKBANK,EQ,2019-07-08,1517.2,1513.4,1513.4,1470.05,1475.8,1475.3,1480.12,1792258,2652748699,75294,849849,47.42
KOTAKBANK,EQ,2019-07-09,1475.3,1471,1473,1440,1462,1462.85,1458.02,2297420,3349693590,90717,904933,39.39
KOTAKBANK,EQ,2019-07-10,1462.85,1463,1481.85,1460.85,1470.5,1475.85,1471.58,2180732,3209115351,74778,1033839,47.41
KOTAKBANK,EQ,2019-07-11,1475.85,1479,1493.8,1472.05,1479.05,1484.95,1487.05,1598491,2377036643,52942,781129,48.87
KOTAKBANK,EQ,2019-07-12,1484.95,1486.95,1494.5,1475.9,1482.95,1483.65,1484.7,2072545,3077112185,60011,1219753,58.85
KOTAKBANK,EQ,2019-07-15,1483.65,1489,1510.95,1478.6,1504.1,1508.1,1498.42,1752154,2625470177,60554,1011520,57.73
KOTAKBANK,EQ,2019-07-16,1508.1,1508,1511.5,1490,1497,1501.45,1500.45,1351435,2027757739,50536,621212,45.97
KOTAKBANK,EQ,2019-07-17,1501.45,1501.9,1546.85,1497.05,1532.65,1534.6,1534.61,6202534,9518469491,100402,2902566,46.8
KOTAKBANK,EQ,2019-07-18,1534.6,1531.35,1543.25,1526.2,1537.5,1538.25,1535.58,2266820,3480889470,59293,985221,43.46
KOTAKBANK,EQ,2019-07-19,1538.25,1540,1540.75,1490,1507.25,1498.9,1512.72,2094229,3167975148,72615,962287,45.95
KOTAKBANK,EQ,2019-07-22,1498.9,1493,1496.95,1442.15,1444.9,1454.3,1461.15,3423157,5001760213,111054,1706905,49.86
KOTAKBANK,EQ,2019-07-23,1454.3,1460,1512,1455.25,1494.15,1494,1484.93,7659628,11374037986,190600,1456701,19.02
KOTAKBANK,EQ,2019-07-24,1494,1493,1510,1476.55,1493.35,1497.2,1496.63,2938236,4397465822,75761,848749,28.89
KOTAKBANK,EQ,2019-07-25,1497.2,1492,1504,1479.95,1490,1485.05,1490.72,2838923,4232049690,87687,1572926,55.41
KOTAKBANK,EQ,2019-07-26,1485.05,1490,1517.95,1477.05,1512.1,1511.85,1497.76,1681353,2518269849,40077,552476,32.86
KOTAKBANK,EQ,2019-07-29,1511.85,1513.75,1524.45,1497.2,1505.5,1502.5,1510.41,2099735,3171462849,54346,922548,43.94
KOTAKBANK,EQ,2019-07-30,1502.5,1505,1509.6,1484.05,1498.75,1498.7,1498.43,1743748,2612888984,50148,763906,43.81
KOTAKBANK,EQ,2019-07-31,1498.7,1490.1,1534.7,1480.75,1516.95,1519.55,1506.03,2947808,4439487213,99171,1564413,53.07
KOTAKBANK,EQ,2019-08-01,1519.55,1505.95,1519,1486,1496.25,1495.8,1498.76,2257753,3383819386,76342,1108709,49.11
KOTAKBANK,EQ,2019-08-02,1495.8,1488,1514.95,1470.05,1508.2,1507.6,1495.16,3870809,5787487407,101180,2074660,53.6
KOTAKBANK,EQ,2019-08-05,1507.6,1495,1495,1455.05,1460,1460.1,1475.26,3864546,5701195839,109605,1942836,50.27
KOTAKBANK,EQ,2019-08-06,1460.1,1454.3,1493.85,1451.65,1484.55,1485.3,1473.08,2830608,4169698506,93816,1062204,37.53
KOTAKBANK,EQ,2019-08-07,1485.3,1493.9,1499.6,1465.55,1475,1476.3,1483.29,2362381,3504101410,88073,812817,34.41
KOTAKBANK,EQ,2019-08-08,1476.3,1485,1509.8,1466.95,1508,1502.75,1485.42,1932121,2870005281,70741,561239,29.05
KOTAKBANK,EQ,2019-08-09,1502.75,1506,1535.5,1504.25,1531.75,1532.1,1521.84,2445659,3721907779,59637,985235,40.29
KOTAKBANK,EQ,2019-08-13,1532.1,1525.1,1534,1505.25,1506.8,1511.4,1520.6,2765975,4205937810,73133,1627803,58.85
KOTAKBANK,EQ,2019-08-14,1511.4,1515,1515.4,1479.45,1492,1491.8,1492.62,2354908,3514976083,80842,887040,37.67
KOTAKBANK,EQ,2019-08-16,1491.8,1489,1506.5,1477.5,1501.65,1498.95,1494.81,2169754,3243366573,72994,821183,37.85
KOTAKBANK,EQ,2019-08-19,1498.95,1505,1519.5,1490.55,1497,1496.35,1508.14,1547598,2333989144,55702,571279,36.91
KOTAKBANK,EQ,2019-08-20,1496.35,1490.55,1511.25,1482.65,1507.6,1505.1,1496.52,1724609,2580911437,52337,531502,30.82
KOTAKBANK,EQ,2019-08-21,1505.1,1504,1517.8,1496,1507,1505.75,1508.18,1484415,2238759916,53231,550718,37.1
KOTAKBANK,EQ,2019-08-22,1505.75,1503.95,1510,1472.4,1480,1478.25,1490.14,1874751,2793635243,57106,621940,33.17
KOTAKBANK,EQ,2019-08-23,1478.25,1479.9,1487,1446.1,1469.45,1470.2,1464.43,3615793,5295077589,127744,1652501,45.7
KOTAKBANK,EQ,2019-08-26,1470.2,1500,1519.5,1453.1,1515,1512.8,1491.08,2187678,3261995345,63378,746415,34.12
KOTAKBANK,EQ,2019-08-27,1512.8,1514,1522.75,1494.45,1501.55,1501.55,1502.49,2740804,4118035683,86905,1477762,53.92
KOTAKBANK,EQ,2019-08-28,1501.55,1499.2,1501,1473.35,1481.7,1483.65,1484.5,2291006,3401002129,85170,1283704,56.03
KOTAKBANK,EQ,2019-08-29,1483.65,1479.5,1479.5,1446.75,1450.9,1450.85,1459.61,3931367,5738270155,71955,2399019,61.02
KOTAKBANK,EQ,2019-08-30,1450.85,1448.1,1459.6,1423.1,1434.85,1431.45,1436.72,4717533,6777757700,120457,1612652,34.18
KOTAKBANK,EQ,2019-09-03,1431.45,1429,1429,1405.05,1411.9,1414.3,1414.5,2752565,3893505601,88378,1247300,45.31
KOTAKBANK,EQ,2019-09-04,1414.3,1414.1,1438,1398.65,1423.9,1426.45,1423.27,2419629,3443776588,68873,772435,31.92
KOTAKBANK,EQ,2019-09-05,1426.45,1431.9,1441.85,1405.45,1409,1410.15,1416.19,2381023,3371980489,85430,927434,38.95
KOTAKBANK,EQ,2019-09-06,1410.15,1412.5,1444.6,1412.5,1441.5,1441.55,1434.12,2245219,3219902851,67721,1016596,45.28
KOTAKBANK,EQ,2019-09-09,1441.55,1439,1474.55,1424.05,1470.55,1471.3,1460.69,3212756,4692852372,73009,1893727,58.94
KOTAKBANK,EQ,2019-09-11,1471.3,1471.3,1478.9,1459,1476,1475.2,1470.32,2604896,3830025744,101894,1564378,60.06
KOTAKBANK,EQ,2019-09-12,1475.2,1480,1483.65,1452,1456.8,1457.55,1472.37,2424954,3570419881,91093,1394561,57.51
KOTAKBANK,EQ,2019-09-13,1457.55,1457,1486,1447.2,1482.85,1484.25,1473.85,1768490,2606491588,68001,624485,35.31
KOTAKBANK,EQ,2019-09-16,1484.25,1474,1491.85,1465,1471.25,1474.95,1479.98,1857768,2749463819,66834,955877,51.45
KOTAKBANK,EQ,2019-09-17,1474.95,1471.25,1480.95,1444,1453.2,1448.3,1464.19,1354586,1983375672,50614,429738,31.72
KOTAKBANK,EQ,2019-09-18,1448.3,1450,1478.95,1449.9,1460.95,1464.75,1468.92,1854425,2724006414,58491,871404,46.99
KOTAKBANK,EQ,2019-09-19,1464.75,1464.8,1464.8,1445,1453.95,1452.6,1453.88,1449873,2107943803,41908,606183,41.81
KOTAKBANK,EQ,2019-09-20,1452.6,1455,1598.9,1450.5,1540.7,1538.85,1528.32,7159489,10941967687,156303,3205677,44.78
KOTAKBANK,EQ,2019-09-23,1538.85,1575,1652,1528.8,1650,1640.6,1606.87,6854029,11013504858,226600,3423352,49.95
KOTAKBANK,EQ,2019-09-24,1640.6,1633.3,1641.7,1590,1618,1618.1,1615.93,3770541,6092927772,132387,1777544,47.14
KOTAKBANK,EQ,2019-09-25,1618.1,1617,1617,1580.5,1600,1601.6,1591.31,3567544,5677068064,107432,2229331,62.49
KOTAKBANK,EQ,2019-09-26,1601.6,1607,1683.95,1605.25,1630,1626.85,1633.18,4308028,7035778829,124141,1645752,38.2
KOTAKBANK,EQ,2019-09-27,1626.85,1615.85,1649.4,1605.95,1642.65,1643.5,1629.62,2582561,4208596137,81595,997836,38.64
KOTAKBANK,EQ,2019-09-30,1643.5,1635.1,1662,1614.3,1637.9,1644.45,1636.45,3357859,5494980754,96873,1755749,52.29
KOTAKBANK,EQ,2019-10-01,1644.45,1638.8,1657,1623.7,1648,1648.2,1645.42,2925536,4813745766,101251,1270563,43.43
KOTAKBANK,EQ,2019-10-03,1648.2,1644.25,1644.25,1607,1613.2,1615.75,1623.61,2654566,4309970074,120348,1332363,50.19
KOTAKBANK,EQ,2019-10-04,1615.75,1630,1633.7,1557.3,1559.95,1563.15,1581.9,5487681,8680956848,117644,3184607,58.03
KOTAKBANK,EQ,2019-10-07,1563.15,1563,1593.6,1549.3,1560.1,1555.65,1574.41,3045534,4794931799,93516,1423975,46.76
KOTAKBANK,EQ,2019-10-09,1555.65,1559.3,1627.75,1547.75,1611,1612.35,1592.09,2598430,4136944244,114701,881648,33.93
KOTAKBANK,EQ,2019-10-10,1612.35,1599.9,1607.35,1567,1588.15,1584.8,1583.93,1569421,2485857346,66075,435924,27.78
KOTAKBANK,EQ,2019-10-11,1584.8,1595.2,1625,1575.2,1589.35,1587.75,1595.25,2425841,3869834194,80917,637768,26.29
KOTAKBANK,EQ,2019-10-14,1587.75,1598,1609,1576.25,1582.1,1585.5,1592.47,2010190,3201165459,58832,771306,38.37
KOTAKBANK,EQ,2019-10-15,1585.5,1595.4,1629.5,1577.5,1617,1615.6,1610.47,2706471,4358688280,71523,929008,34.33
KOTAKBANK,EQ,2019-10-16,1615.6,1615,1623.3,1592.6,1605,1605.55,1612.87,2686333,4332700157,80693,1284577,47.82
KOTAKBANK,EQ,2019-10-17,1605.55,1610,1613.6,1586.5,1602,1604.55,1600.11,2076349,3322385492,78587,720510,34.7
KOTAKBANK,EQ,2019-10-18,1604.55,1603.8,1619.6,1591,1616,1615.25,1606.72,2357607,3788005106,69717,1201242,50.95
KOTAKBANK,EQ,2019-10-22,1615.25,1626.85,1643,1592,1626.8,1628.85,1615.55,4895082,7908242715,168454,1287420,26.3
KOTAKBANK,EQ,2019-10-23,1628.85,1630,1638.7,1603.3,1610.95,1613.65,1619.39,3085230,4996204618,119370,1238271,40.14
KOTAKBANK,EQ,2019-10-24,1613.65,1619.9,1629.9,1597.55,1613.85,1613.2,1618.27,1600001,2589240580,51232,426207,26.64
KOTAKBANK,EQ,2019-10-25,1613.2,1613.85,1613.85,1569.15,1586.1,1588.6,1589.28,2867020,4556494887,84528,1167087,40.71
KOTAKBANK,EQ,2019-10-27,1588.6,1594,1601,1590.15,1593.15,1593,1594.75,197634,315177157.3,6555,78159,39.55
KOTAKBANK,EQ,2019-10-29,1593,1597.4,1597.4,1568,1573.8,1575.55,1578.95,3002530,4740856138,95398,1482067,49.36
KOTAKBANK,EQ,2019-10-30,1575.55,1579.9,1588.55,1573.8,1576.25,1578.9,1581.43,1677269,2652482557,55866,744712,44.4
KOTAKBANK,EQ,2019-10-31,1578.9,1583.95,1605,1566,1567.25,1574.5,1587.51,2481421,3939282686,67608,1014845,40.9
KOTAKBANK,EQ,2019-11-01,1574.5,1572,1585.95,1563,1581,1579.9,1576.58,2219737,3499603770,68609,1172655,52.83
KOTAKBANK,EQ,2019-11-04,1579.9,1584,1596.8,1565,1568,1571.05,1582.78,1434393,2270327897,56055,632093,44.07
KOTAKBANK,EQ,2019-11-05,1571.05,1568.6,1569.75,1550.3,1556.45,1553.9,1557.1,2263394,3524332010,68085,1143820,50.54
KOTAKBANK,EQ,2019-11-06,1553.9,1556.45,1587.95,1541,1572.55,1571.05,1568.44,2247235,3524654001,74825,782595,34.82
KOTAKBANK,EQ,2019-11-07,1571.05,1577,1587,1558.95,1585.9,1584,1577.65,2511912,3962920346,83847,1358711,54.09
KOTAKBANK,EQ,2019-11-08,1584,1578.9,1606,1572,1599.7,1600.25,1591.33,3913627,6227887335,101181,2343464,59.88